name_product,price_product
اسپرسوساز نوا مدل NOVA NCM-128EXPS,10530000.0
اسپرسو ساز گوسونیک مدل GEM-873,6100000.0
اسپرسو ساز دولچه گوستو مدل Mini-Me,5983840.0
اسپرسو ساز نسپرسو مدل  Pixie EN124.S,13980000.0
اسپرسوساز زیگما مدل rl-222,3150000.0
اسپرسو ساز مباشی مدل ME-ECM 2034,8587710.0
اسپرسو ساز مباشی مدل ECM2010,5495000.0
اسپرسوساز مباشی مدل ECM2013,4950510.0
اسپرسو ساز دلونگی مدل EC685,7800000.0
اسپرسو ساز فیلیپس مدل EP3246,35000000.0
