name_product,price_product
اسپرسو ساز فیلیپس مدل EP5443/70 ,45700000.0
اسپرسوساز نوا مدل 128 ,12300000.0
قهوه ساز مدل TIS30129RW بوش,27100000.0
اسپرسو ساز دلونگی EC 235 ,6440000.0
اسپرسوساز دلونگی مدل EC7 ,3360000.0
قهوه ساز مدل 2034 مباشی,7950000.0
اسپرسوساز مباشی مدل 2010 ME-ECM ,5880000.0
قهوه ساز مدل EP3246 فیلیپس,36500000.0
قهوه ساز مدل 2013 مباشی,5150000.0
قهوه ساز مدل 685 دلونگی,7950000.0
